Id,County,Code,Conventional Households,Main Electricity,Low-Quality Stopgap Total,Kerosene (Total),Paraffin Pressure Lamp,Paraffin Lantern,Paraffin Tin Lamp,Gas Lamp,Wood,Solar (Total),Solar,Torch / Spotlight (Solar-Charged),Torch / Spotlight (Dry Cells)),Candle,Battery (Car-Charged),Generator (Diesel / Petrol),Biogas,Not Stated,Cooking - Electricity,Cooking - Paraffin,Cooking - Gas (LPG),Cooking - Biogas,Cooking - Firewood,Cooking - Charcoal,Cooking - Solar,Cooking - Not Stated,Total Births - 5 Years,Total Births - 12 Months,Percent of Births in Health Facility - 5 Years,Percent of Births in Health Facility - 12 Months,Percent of Births in Non Health Facility - 5 Year,Percent of Births in Non Health Facility - 12 Months,Unknown - 5 Years,Unknown - 12 Months,,Total Households,Farming,Crop Production,Livestock Production,Aquaculture,Fishing,Irrigation,Earth/Sand - Floor Material,Dung - Floor Material,Wood Planks/Shingles/Timber - Floor Material,Palm/Bamboo - Floor Material,Parquet or Polished Wood - Floor Material,Vinyl or Asphalt Strips - Floor Material,Ceramic Tiles - Floor Material,Concrete/Cement/Terrazo - Floor Material,Wall to Wall Carpet - Floor Material,Cane/Palm/Trunks - Wall Material,Grass/Reeds - Wall Material,Mud/Cow Dung - Wall Material,Stone with Mud - Wall Material,Covered Adobe - Wall Material,Uncovered Adobe - Wall Material,Plywood/Cardboard - Wall Material,Off Cuts/Reused Wood/Wood Planks - Wall Material,Iron Sheets - Wall Material,Concrete/Concrete Blocks/Precast Wall - Wall Material,Stone with Lime/Cement - Wall Material,Bricks - Wall Material,Canvas/Tents - Wall Material,Nylon/Cartons - Wall Material,Timber - Wall Material,Prefabricated Panels - Wall Material,Grass/Twigs - Roofing,Makuti Thatch - Roofing,Dung /Mud - Roofing,Iron Sheets - Roofing,Tin Cans - Roofing,Asbestos Sheet - Roofing,Concrete/Cement - Roofing,Tiles - Roofing,Canvas/ Tents - Roofing,Decra/Versatile - Roofing,Cartons/Cardboard - Roofing,Shingles - Roofing,Radio,Computer/Tablet,Functional TV,Analogue TV,Internet ,Bicycle,Motorcycle ,Refrigerator,Car,Truck,Tuk Tuk,Phone Ownership,,Households,Main Sewer - Human Waste Disposal,Septic Tank - Human Waste Disposal,Cesspool - Human Waste Disposal,VIP Latrine - Human Waste Disposal,Pit Latrine Covered - Human Waste Disposal,Pit Latrine Uncovered - Human Waste Disposal,Bucket Latrine - Human Waste Disposal,Open/ Bush - Human Waste Disposal,Bio-Septic Tank/Biodigester - Human Waste Disposal,Pond - Drinking Water Source,Dam/Lake - Drinking Water Source,Stream/River - Drinking Water Source,Protected Spring - Drinking Water Source,Unprotected Spring - Drinking Water Source,Protected Well - Drinking Water Source,Unprotected Well - Drinking Water Source,Borehole/Tube Well - Drinking Water Source,Piped into Dwelling - Drinking Water Source,Piped to Yard/Plot - Drinking Water Source,Bottled Water - Drinking Water Source,Rain/Harvested Water - Drinking Water Source,Water Vendor - Drinking Water Source,Public Tap/Standpipe - Drinking Water Source,Total Farming,Exotic Cattle Dairy - Livestock & Fish,Exotic Cattle Beef - Livestock & Fish,Indigenous Cattle - Livestock & Fish,Sheep - Livestock & Fish,Goats - Livestock & Fish,Camels - Livestock & Fish,Donkeys - Livestock & Fish,Pigs - Livestock & Fish,Indigenous Chicken - Livestock & Fish,Exotic Chicken - Livestock & Fish,Beehives - Livestock & Fish,Rabbits - Livestock & Fish,Fish Ponds - Livestock & Fish,Fish Cages - Livestock & Fish,Tea - Permanent Crop Growth,Coffee - Permanent Crop Growth,Avocado - Permanent Crop Growth,Citrus - Permanent Crop Growth,Mango - Permanent Crop Growth,Coconut - Permanent Crop Growth,Macadamia Cashew Nut - Permanent Crop Growth,Khat (Miraa) - Permanent Crop Growth,,Total Disability Percent,Visual Disability Total,Hearing Disability Total,Mobility Disability Total,Cognitive Disability Total,Self-Care Disability Total,Communication Disability Total,Total Population (SPECIFIC TO EMPLOYMENT),Working,Seeking Work,Outside the Labor Force,Not Stated,Average Household Size,Under 18,Over 60,Over 70,Total Population,Under 18 Percent,Over 60 Percent,Over 70 Percent
1,Mombasa,MBA,376295,85.9,12.2,9.5,0.5,2.7,6.3,0.1,0,1.9,1.5,0.4,0.3,2.2,0.1,0,0,0,1.4,32.1,37.6,1.1,4.7,23.2,0,0,131086,37249,93.2,95.1,6.8,4.9,0,0,,378422,3.3,1.9,2.3,0,0.4,0.3,13.1,0.3,0.1,0,0.2,0.1,19.6,62.3,4.1,0,0,5,5.9,4.9,1.2,0.1,0.1,2.2,32.7,38.1,9.7,0,0.1,0,0.1,0.1,0.5,0.3,79.1,0.1,2.1,14.8,1.1,0,0.4,1.2,0.1,47.4,13,57.2,7.1,28.2,12.1,5.5,22,6.8,0.9,1.5,61.8,,378422,16.6,31.2,1.1,11.1,30.8,5.5,2.4,0.9,0.3,0.1,0.2,0.1,1.2,0.1,4.6,0.4,5.2,7.2,5.2,11.4,0.3,43.5,20.5,12497,3015,1384,6252,2292,25411,58,68,3032,115315,37591,894,1343,309,306,0,0,0,0,0,1688,0,0,,1.657117461,5600,2116,5202,2693,2201,2211,743516,56.12885264,18.73665126,25.10625192,0.02824418,3.1,451371,34032,10357,1208303,37.35577914,2.816512083,0.857152552
2,Kwale,KLE,172802,31.5,43,36,0.5,6,29.5,0.2,1.7,25.5,22.8,2.7,3.9,0.9,0.2,0,0,0,0.5,5,8.6,0.4,69.7,15.5,0.2,0,88532,29226,79.9,82.4,20,17.5,0.1,0.1,,173176,62.4,57.8,42,0.1,2.6,1.4,58.6,0.5,0,0,0.1,0,4.4,35.1,1.2,0.4,0.6,46.3,7.7,1.5,0.7,0,0.1,0.9,9.5,27.2,4.7,0,0.1,0.1,0,4,25.4,0.2,68.3,0.1,0.9,0.7,0.1,0,0.2,0.1,0,42.6,4.3,23.1,3.2,9.8,19,10.6,6.2,2.3,0.5,0.7,32.3,,173176,0.9,8.8,0.5,8.7,38.2,9.8,1.2,31.7,0.1,17.2,10.4,3.2,1.3,1.7,10.3,8.3,12.7,4.3,5.5,2.1,1.7,2.9,18.3,108074,10811,6117,293506,90615,382410,1096,1190,675,528984,28394,4272,1183,522,172,0,0,1063,10053,30272,31954,881,0,,2.044065427,3623,2328,4744,2657,2304,2062,412370,72.92140553,10.36860101,16.68259088,0.027402575,5,448395,44104,15910,866802,51.72980681,5.088128546,1.835482613
3,Kilifi,KLF,297990,38.5,39.1,33.4,0.6,6.1,26.7,0.1,1.3,22.4,20,2.4,2.9,1.2,0.2,0,0,0,0.7,7.4,11.1,0.5,58.2,21.9,0.1,0,142800,44519,79,84.6,20.9,15.4,0.1,0.1,,298472,54,50,34.2,0.1,2.1,1.9,54.3,0.3,0.1,0,0.1,0.1,5.6,38.3,1.1,0.4,0.6,38.8,10.2,1.6,0.8,0,0.1,0.9,16,19.8,10.4,0.1,0.1,0.1,0,2.1,20.5,0.2,71.6,0.1,1.1,3.4,0.4,0.1,0.2,0.2,0,37.8,5.5,25.9,2.9,11.6,15.3,10.4,8.1,2.8,0.5,0.9,68.3,,298472,2.4,18.7,0.6,10.1,40.1,9.2,1.8,17,0.1,6,6.8,2.6,0.8,0.6,4.4,3.5,4,10.2,13.2,2,0.4,9.6,36,161188,19918,9646,206893,56481,542257,2022,2754,3319,740657,75103,4603,3434,1756,193,0,0,0,6808,37519,47561,0,0,,1.971712013,6353,3569,7746,4075,3647,3274,723400,69.86950511,10.4337849,19.67403926,0.022670722,4.8,721922,76794,29104,1453762,49.65888502,5.28243275,2.001978316
4,Tana River,TAN,66984,25.6,41.4,9.7,0.2,2.4,7.1,0.5,6.8,33,20.9,12.1,21.7,2.3,0.3,0.1,0,0.1,0.9,0.9,2.4,0.3,63.5,31.5,0.5,0.1,33100,11683,55.8,57.5,44,42.4,0.2,0.1,,68242,51.4,24.5,39.6,0.3,3.1,6.6,75.2,0.8,0.3,0.2,0.1,0.1,1.8,20.3,1.1,1.8,21.6,38,14.1,1,0.4,0.1,0.5,2,8.5,5.8,4.3,1.1,0.7,0.2,0,33.5,8.8,1.1,52.9,0.1,0.5,0.6,0.1,1.3,0,0.9,0,28.4,2.7,15.3,2.3,5.5,9.6,9.7,3.7,1.6,0.4,0.5,31.6,,68242,0.8,4,0.5,4.6,31.7,9,0.6,48.6,0.2,2.6,9.8,19.5,1.1,0.5,9.8,7.5,22.1,2.9,7.8,0.4,0.1,5.1,10.8,35094,6266,1194,264373,448066,590856,53298,15317,19,91344,6614,10902,242,438,108,0,0,0,1109,6561,2228,0,0,,1.90541905,1341,860,1513,877,834,595,141164,62.53364881,17.14176419,20.27004052,0.054546485,4.6,173924,13199,4762,315941,55.04951874,4.177678744,1.507243441
5,Lamu,LAU,34231,43.2,22.7,11,0.2,3.6,7.2,0.1,1.4,34.1,28.3,5.8,8.3,1.4,0.2,0.2,0,0,0.7,1.6,9,0.5,60.6,27.3,0.3,0,13514,4235,78.3,82.1,21.6,17.9,0,0,,37963,49.2,40,35.4,0.2,8.3,2.9,51.3,0.7,0.1,0,0,0,4.7,40.3,2.9,2.1,1.9,40.8,11.6,2.8,0.8,0.1,0.2,1.4,15.6,14.1,7,0.4,0.7,0.3,0.1,9,19,0.3,55.6,0,1.2,13.7,0,0.4,0.1,0.6,0,37.3,4.2,30.8,3.7,11.8,28.5,15.7,8.6,1.4,0.4,0.4,45.2,,37963,2.1,9.4,0.7,11.5,42.8,14,1.4,17.9,0.1,4.2,1.8,1.1,1.4,0.5,17.3,16.6,7,8.4,3.7,2.5,10.2,7,18.3,18678,12415,1618,84288,42145,97879,125,1964,280,128599,11913,1402,292,407,217,0,0,0,2742,7423,5017,189,0,,2.481308541,866,395,931,622,427,330,77028,72.56582022,8.551435842,18.84249883,0.040245106,3.7,65462,7740,2848,143916,45.48625587,5.378137247,1.978932155
6,Taita/Taveta,TVT,94468,47.6,25.2,20.6,0.3,10.7,9.6,0,0.2,27.2,24.4,2.8,2.8,1.2,0.1,0,0,0,0.4,6.8,14.2,0.4,55.4,22.7,0.1,0,31531,9110,90.1,91.5,9.8,8.5,0,0,,96429,59,50.2,45.1,0.3,0.7,10.6,38.8,0.2,0,0,0.1,0,6.8,53,1,0.2,0.1,19.6,5.5,16.2,7.1,0.1,0.2,2.7,11.5,7.9,28.6,0.1,0.1,0.1,0.1,0.9,0.3,0.2,94.9,0.3,1.5,1,0.3,0,0.3,0.1,0.1,55.9,6.3,38.6,4.5,15.9,18.6,15.2,6.7,3.5,0.7,0.5,54.9,,96429,1.1,11.2,0.2,13.8,58.7,12.1,0.3,2.4,0.1,0.2,1.3,15.4,3.6,1.9,1.9,1,5.1,12,24.1,0.4,1.3,11.4,20.3,56920,17236,6661,90917,46535,202113,2630,2938,1605,332843,25086,10345,10122,1068,140,0,0,7963,3284,7171,2504,3650,0,,3.720087828,2809,1332,3501,2290,1556,1185,198263,79.40160292,7.844126236,12.73056496,0.023705886,3.5,137926,26360,10771,340664,40.48740108,7.73782965,3.161766433
7,Garissa,GSA,138940,23.5,52.9,2.4,0.2,0.7,1.5,2.8,11.9,23.6,12.7,10.9,32.1,1.4,0.2,2,0.1,0,4.7,0.7,1.5,0.7,71.7,19.4,1.3,0,61844,16414,56.3,63.6,41.3,33.9,2.3,2.5,,141394,33.7,3.1,32.6,1.4,1,1.3,68.2,3.4,2.2,0.9,0.7,0.5,3.2,18.9,1.9,5.8,29.2,13.5,12,2.6,0.7,0.3,0.6,14.1,7.3,6.3,6.6,0.1,0.1,0.8,0,33.9,2.2,4.6,53,0.8,1.2,3.1,0.4,0.2,0.1,0.3,0,47.8,2.6,12.9,2.2,6.3,3.5,3.2,6,4.1,1.4,2.3,30.3,,141394,5.2,4.9,0.7,3.6,29.7,16.7,2.9,36.2,0.2,12.6,17.9,8.8,0.9,0.5,2.4,3.4,26.3,3.4,8.6,0.5,0.4,3.1,11.2,47645,6063,7458,1407170,2746577,3857292,816057,105543,0,88360,24196,8120,3010,0,0,0,0,0,0,1726,0,0,0,,1.0950662,1285,1289,2015,1682,1909,1033,376664,39.83789266,37.67442601,22.46060149,0.027079838,5.9,460362,18326,6812,841319,54.71907802,2.178246301,0.809680989
8,Wajir,WJR,126878,14.1,63.1,1.6,0.1,0.6,0.9,2.8,15.4,22.8,11.6,11.2,42.2,0.6,0.1,0.3,0,0,2.7,0.3,0.7,0.6,89.5,5.3,0.8,0,68920,16767,44.1,48.2,54.6,51,1.3,0.8,,127932,49.6,1.9,49,1,0.7,0.5,78.2,2.6,1.8,0.6,0.7,0.3,2.2,12.7,0.9,9.4,41.4,9.8,10.8,1.3,0.5,0.2,0.8,7.9,5.9,5.4,4.3,0.1,1,1.2,0,50.8,3,4,36.2,0.5,0.8,2.8,0.4,0.3,0,1.1,0.1,54.2,1.4,6.6,1.2,3.5,2.2,3.1,2.4,2.5,0.8,2.1,27.9,,127932,1.7,3.9,0.3,2.1,21.6,16,10.5,43.6,0.2,5.8,28,0.3,0.6,0.6,11.1,8.8,31.7,1.4,1.9,0.6,0.3,7.2,1.6,63433,7352,3634,856245,2190638,3198284,1176532,123751,0,72071,8816,1080,215,0,0,0,0,0,0,0,0,0,0,,0.881448617,830,1005,1629,1270,1392,760,316483,51.76044211,30.841467,17.38703185,0.011059046,6.1,459863,15446,5799,781214,58.86517651,1.977179108,0.742306205
9,Mandera,MDA,123954,15.7,66.2,1.7,0.2,0.5,1,2.6,26.8,18.1,9.9,8.2,34.1,0.8,0.1,0,0,0,1.9,0.3,0.4,0.4,86,10.4,0.5,0,81531,26639,47.8,51.8,50.4,46.8,1.9,1.4,,125763,49.8,12.2,48.2,1.3,0.9,4.3,78.6,3.1,2.1,0.6,0.3,0.2,1.4,13,0.7,12.7,33.6,10.1,11.8,0.9,0.3,0.2,1.9,8.4,5,6.7,5.4,0.5,0.7,1.8,0,43.1,4.5,4.5,42.2,0.6,0.6,2.6,0.2,0.8,0.1,0.8,0,45,1.5,8.3,1.4,3.5,3.3,6.4,3.2,3,1,2.5,25.3,,125763,1.2,2,0.3,2.8,28.3,23.4,2.4,39.4,0.1,12.6,22.6,7.7,0.6,0.3,6.8,4.1,21.3,1.1,2.3,0.4,0.9,16.7,2.6,62639,5433,2706,1174850,2226033,4898807,1828665,155390,0,151394,23270,54007,5110,0,0,0,0,0,0,2685,0,0,0,,1.387447834,1736,1696,2526,2187,2404,1486,316114,51.24828385,24.69995002,24.02993857,0.021827569,6.9,547776,16327,6429,867420,63.15003113,1.882248507,0.74116345
10,Marsabit,MAR,76689,21.3,51,5.7,0.2,2.7,2.8,1.6,14.2,27.7,15.1,12.6,28.4,0.9,0.1,0,0.1,0.1,0.6,1.1,4.6,0.4,84.8,8.3,0.3,0.1,42316,13679,52.2,56.4,47.2,43.4,0.6,0.3,,77495,50.5,3.4,49.5,0.2,1.7,0.2,65.5,5.6,0.7,0.3,0.1,0,3.2,23.9,0.7,19.5,7.7,20.5,3.6,2.6,0.6,0.4,3.4,5.3,10.9,8.3,5.7,0.2,9.6,1.5,0,31.1,10.5,1.7,43.2,0.2,0.8,0.9,0.1,0.2,0.1,11.4,0,27.8,2.5,14.7,1.6,4.4,1.9,5.6,3,2.2,0.6,0.6,29,,77495,0.1,0.7,0.1,5.1,37,9.3,0.4,47.4,0,1.2,15.7,1.7,1.4,0.9,9.1,18,23.2,0.7,1.2,0.6,2.9,16,7.3,39167,13693,7116,219927,627832,744475,215234,50006,65,21239,3326,1011,95,372,80,0,0,0,0,0,0,0,0,,1.037264527,1137,725,1216,621,619,451,194936,59.28099479,20.97047236,19.71057167,0.037961177,5.8,254103,17214,7441,459767,55.26777694,3.744070366,1.618428465
11,Isiolo,ISL,53217,40.6,41.3,7.8,0.3,3.8,3.7,1.2,6.7,18.1,9.1,9,24.6,0.7,0.2,0.1,0,0,1.2,1.1,12.6,0.5,60.5,23.9,0.3,0,25920,8037,67.7,70.7,31.8,29,0.5,0.3,,58072,74,4.8,40.2,0.1,0.4,2.3,61.9,1.1,0.6,0.4,0.2,0.2,5.2,29.3,1,1.5,12.6,30.8,5.8,0.9,0.3,1,2.7,5.4,10.9,8.4,3.4,0.1,1.7,14.5,0,15.9,1.4,2.5,70.2,0.3,0.7,1.9,0.3,0.3,0.4,6.1,0,39.1,4.5,26.8,2.4,8.9,4.2,7.9,7.5,4,0.7,0.6,38.2,,58072,4,3.1,0.4,17.7,36.8,6.7,0.6,30.6,0.1,0.6,3.1,17.7,1.2,1.9,3.9,8.5,12,6,27.2,0.7,0.5,3.9,12.7,24271,12900,10121,248577,854725,1030005,148859,33692,158,52192,11439,2227,242,288,51,0,0,0,0,0,0,0,0,,1.474292239,1040,566,980,509,498,358,126200,59.38748019,19.90174326,20.68779715,0.022979398,4.6,141796,10630,4319,267993,52.91033721,3.966521514,1.611609258
12,Meru,MRU,423931,40.2,37.4,25.4,0.5,11,13.9,0.2,1.5,22.4,18.8,3.6,8.3,1.5,0.5,0,0,0,0.5,2.2,12.6,0.5,74.3,9.8,0.1,0,144104,38222,93.5,94.5,6.5,5.5,0.1,0.1,,426360,64.5,58.8,47.2,0.3,0.4,12.1,44,1.9,1.3,0.1,0.3,0.1,5.9,45,1.4,0.4,0.3,5.1,0.5,0.5,0.4,1.9,5.5,1.8,8.6,14,3,0,0.2,57.8,0,0.5,0.1,0.2,94.3,0.1,1.8,1.4,0.2,0,0.7,0.3,0.1,53.4,4.3,34.5,4.1,10.2,8.7,9.8,3.5,5.2,0.7,0.3,50.3,,426360,0.7,5.2,0.2,21.3,62.3,8.5,0.3,1.4,0.1,0.3,0.2,21.5,2.4,1.9,2,1.4,7.5,17.9,24.6,0.8,1.4,11,6.8,274865,114251,24656,173277,138771,342198,5732,5822,30789,1006744,140951,50151,45935,6734,155,30404,28195,41746,6255,27457,0,29545,85023,,4.827994019,19508,9273,19289,14135,7577,4843,892971,75.7379579,8.245508533,15.98484161,0.031691959,3.6,645074,109365,46019,1545673,41.7341831,7.075558673,2.977279153
13,Tharaka-Nithi,TNT,109450,34.7,44.3,22.5,0.4,9,13.1,0.1,2.1,21,17.1,3.9,18.2,1.1,0.2,0,0,0,0.2,1.5,10,0.3,82.2,5.7,0.1,0,33772,9109,91.7,92.9,8.2,7,0.1,0.1,,109860,78.1,72.1,61.9,0.3,0.7,7.1,50.9,0.6,0.3,0,0.1,0.1,4.2,43,0.6,0.4,0.2,26.9,1.6,2.5,1.9,0.8,1.8,1.4,6.1,17.1,6.6,0,0.1,32.6,0.1,0.7,0.1,0.3,95.4,0.1,0.7,1.5,0.1,0,0.7,0.3,0,58.4,4.9,29.8,3.5,11.5,18.2,13.6,3.5,5,0.7,0.3,51.3,,109860,0.6,3.8,0.1,15.6,66.5,12,0.2,1.1,0.1,0.4,0.1,34.6,0.6,1,3,3.1,5.1,18.8,24.1,0.3,0.3,1.8,6.9,85767,32634,5137,52935,53816,214217,124,5867,8753,418193,31876,56748,13321,1588,248,7227,15792,13171,1630,14102,0,9280,8404,,5.045908894,4840,2421,5182,3887,2071,1438,232608,79.86741643,5.793437887,14.3124914,0.026654285,3.6,159155,35641,16076,393170,40.47994506,9.065035481,4.088816542
14,Embu,EBU,182427,47,29.1,20.2,0.4,8,11.8,0.1,0.4,23.9,21.1,2.8,6.6,1.5,0.3,0,0,0,0.4,4,18.4,0.4,70.3,6.2,0.2,0,54176,14556,93,94.7,7,5.3,0,0,,182743,71.7,67.5,53.9,0.3,0.9,6.5,39.5,0.8,0.1,0,0.1,0.1,7.6,50.9,0.9,0.1,0.1,16,2,5.6,3.5,0.2,1.2,3.4,8,18.8,20.9,0,0.1,20.2,0,0.2,0,0.2,95,0.1,0.9,2.4,0.3,0,0.7,0.1,0,62.9,6.3,42,5,14.7,17.5,13.9,5.6,6.6,0.9,0.4,57,,182743,2.2,7.2,0.3,14.5,66.2,8.6,0.3,0.7,0,0.7,3,20.1,0.5,0.9,3,3,5.5,20.7,28.6,0.2,1.3,4.5,8.1,130990,40843,9167,88405,45246,269133,228,11521,12837,756202,104390,57408,29746,1766,977,18664,28996,19355,3581,26771,0,27488,34900,,5.918908927,9130,3866,10030,7043,3429,2523,374429,82.53126761,5.249593381,12.20899022,0.010148787,3.3,230850,49352,22021,608575,37.93287598,8.109435977,3.618452943
15,Kitui,KTU,261814,17.1,38.9,23.7,0.5,13.8,9.4,0.2,1.9,44,37.3,6.7,11.7,0.9,0.3,0,0,0,0.2,2.7,6.7,0.3,81.3,8.6,0.2,0,95400,27650,77.2,81.5,22.6,18.4,0.2,0.1,,262942,81.9,75.9,67.6,0.2,0.3,2.6,52.1,0.5,0.2,0,0.2,0,4.4,42.1,0.4,0.5,0.4,11.6,4.4,8.5,7.5,0,0.5,1.8,10.6,7.4,46.4,0,0,0.2,0,2.7,0.3,0.4,93.1,0.1,1.5,1,0.3,0,0.5,0.1,0,55.1,3.5,19.5,3,6.8,22,13.2,2.7,3.7,0.7,0.6,49.8,,262942,0.5,2.8,0.1,13,62,12,0.3,9.2,0.1,0.7,5.5,42.3,0.9,0.8,6.7,6.2,13.2,2.8,2.3,0.9,2.4,5.9,9.3,215322,10412,8869,324351,105830,1370560,5202,162609,1254,1361190,56769,224113,3209,2462,161,0,0,12066,7510,35471,0,0,0,,3.581820774,9528,5073,12028,5844,4233,3989,586185,79.55867175,5.309415969,15.11451163,0.01740065,4.3,545111,89723,43038,1136154,47.9786191,7.897080853,3.788042818
16,Machakos,MCS,399523,48.3,23.2,19.9,0.6,11.6,7.7,0.1,0.2,28.5,25.6,2.9,0.9,1.8,0.3,0,0,0,0.7,11.1,27.5,0.5,53.4,6.7,0.1,0,126591,33548,88.9,92.2,11,7.8,0.1,0,,402466,57.5,53.9,43.9,0.1,0.5,4.1,25.5,0.3,0.1,0,0.2,0.1,16.5,56.3,0.8,0,0,0.8,2.5,6.8,4.8,0.1,0.1,9.4,19.5,24.2,31.5,0,0,0.1,0,0.2,0,0.1,85.9,0.1,1.9,8.9,1.2,0,1.3,0.2,0.1,63.1,9.4,42.6,5.3,17.6,19.7,9.8,9.4,8.7,1.1,0.5,56.4,,402466,5.7,12.6,0.3,14.9,54.8,10.1,0.3,0.9,0.5,0.8,3.9,13.6,3.5,4.1,5.5,4.4,23.2,3.4,3.1,5.7,5.1,16.8,7.1,231341,30369,12656,319326,171525,624891,1473,24794,5517,1449665,186287,31899,40577,3351,842,0,23525,45243,22797,75504,0,6519,0,,3.288210547,11121,4987,14236,7354,5034,4023,857502,76.72250327,8.835198052,14.42433954,0.017959142,3.5,558087,106241,45310,1421898,39.24943983,7.471773643,3.186585817
17,Makueni,MUE,243979,20.4,31.4,26.7,0.7,16,10,0.1,0.3,48.2,44,4.2,2.9,1,0.4,0,0,0,0.2,4.6,8.6,0.2,76.1,10.1,0.1,0,75682,20805,86.7,91,13.2,8.9,0.1,0.1,,244669,79.1,73.8,64.6,0.2,0.4,6.3,36.6,0.5,0,0,0.1,0,5.9,56.4,0.5,0.1,0,3.5,3.3,14.5,6.4,0,0.1,2.5,7.8,5.9,55.7,0.1,0,0.1,0,0.6,0.1,0.1,96,0.1,1.6,0.6,0.2,0,0.5,0,0,62.7,4,24.5,4,9.4,29.9,14.2,2.5,4.5,0.9,0.4,49,,244669,0.4,2.4,0.1,15.2,67.1,13.4,0.2,1.2,0.1,0.6,2.7,29.1,2.6,5.5,5.9,7.3,11.8,3,3.7,1.5,5.9,10.6,9.8,193531,21517,8726,295560,133115,799638,1111,40311,1502,1397211,75556,57594,16760,2243,644,0,3371,34107,27006,70130,0,4293,0,,5.590031925,13399,6370,16632,9245,5378,4185,553202,80.69421296,5.698280194,13.58653801,0.020968832,4,425205,86344,38420,987633,43.05293566,8.742518729,3.890108978
18,Nyandarua,NDR,178224,41.3,27.6,23.5,0.4,15,8.1,0.1,0.1,31.1,28.4,2.7,1.1,1.6,1.1,0,0,0,0.3,1.3,12.5,0.2,70,15.6,0,0,56625,16247,92.8,95.1,7.2,4.9,0,0,,179686,78.4,75.2,61.4,0.1,0.3,2.3,50.6,0.3,0.7,0,0.2,0.1,6.3,39.5,2.2,0.1,0,17.7,1.1,0.5,0.4,1,9.4,12.5,7.1,19.3,0.8,0,0.1,29.8,0,0.1,0,0.1,97.2,0.1,0.8,0.8,0.1,0,0.3,0.4,0,72.4,4.6,48.9,5.2,12.4,20.3,11.2,2.2,5.4,1.2,0.3,55,,179686,0.3,3.1,0.1,17.8,71.8,6.6,0.1,0.2,0,0.5,2.6,11.3,1.6,1.2,20.4,4,5.4,8.8,18.8,0.3,19,2.8,3.3,140854,135895,16879,58589,277762,37009,0,9458,4017,738187,78274,8870,39833,499,22,0,0,2892,1580,0,0,0,0,,3.623393898,5036,1897,7623,4298,2489,1784,359055,86.58979822,2.694851764,10.70253861,0.012811408,3.5,277677,45788,21733,638269,43.50469786,7.173777827,3.404990686
19,Nyeri,NER,244564,71.8,18.6,16.6,0.4,8.1,8.1,0.1,0.1,9.6,8.4,1.2,0.7,1,0.3,0,0,0,0.5,3.3,23.2,0.5,64.8,7.5,0,0,62250,16831,97.9,98.5,2.1,1.5,0,0,,248050,66.2,62.3,49.6,0.3,0.5,9.5,39.8,0.1,0.8,0,0.2,0.1,6.2,51.7,1.2,0.1,0,1.7,0.3,1.2,0.8,0.5,6.5,4.1,12,18.5,2.5,0,0.1,51.6,0,0.1,0,0.1,93.8,0.1,1.6,2.9,0.5,0,0.6,0.2,0.1,74.3,8.6,59.5,5.5,21.2,11.7,8.8,7.2,7.7,1,0.3,64.1,,248050,6.7,7.1,0.2,14,66.3,5.3,0.1,0.1,0.1,0.2,0.3,13.4,0.5,0.4,2.2,1.1,1,24.1,40.2,0.2,8.9,2.2,5.3,164229,92486,11501,60520,153728,107460,0,772,15188,734889,150195,12433,40982,6315,238,23300,57983,22810,2521,10228,0,25436,0,,4.199922807,6530,2513,11243,5468,3692,2437,483141,82.8919508,5.070569461,12.02816569,0.009314051,3,271029,75380,36954,759133,35.70243949,9.929748806,4.867921695
20,Kirinyaga,KIR,203576,65.3,25,22.2,0.4,9.3,12.5,0,0.1,9.7,8.5,1.2,0.9,1.5,0.3,0,0,0,0.3,5.5,23.8,0.4,65.4,4.4,0,0,51979,13638,98.1,98.7,1.9,1.3,0,0,,204188,68.5,63.9,47.7,0.3,0.9,20.7,42.2,0.2,0.1,0,0,0.1,8.6,47.3,1.5,0,0,10.4,1.9,4.7,2.2,0.3,2.9,3.8,12.8,24.1,9.4,0,0,27.5,0,0,0,0.1,95,0.1,1.5,2.2,0.2,0,0.7,0.1,0,66.6,5.9,54,4.9,13.6,21.1,14.6,5.5,6,0.9,0.5,22.7,,204188,0.7,8.4,0.2,17.9,68.5,3.9,0.2,0.2,0,0.1,0.1,27.8,1.4,1,7.4,1.3,3.7,17.2,30,1,1.3,1.9,5.9,139866,48488,12931,55022,26751,106844,0,2404,15909,675656,100845,11434,36742,8154,557,25135,47835,19691,2429,15311,0,28508,5821,,4.552573806,6219,2292,9275,4967,3016,2019,393421,84.79313509,4.494167825,10.70380076,0.008896322,3,213069,50726,22546,610380,34.90759855,8.310560634,3.69376454
21,Murang?a,MRA,317496,60.5,29.1,27.3,0.5,12.5,14.3,0.1,0.1,10.4,9.2,1.2,0.5,0.9,0.2,0,0,0,0.4,4.7,17,0.4,74.8,2.6,0,0,89903,24866,94.1,95.4,5.9,4.6,0,0,,318105,72.7,69.2,55.1,0.1,0.4,3.5,39.9,0.2,0.2,0,0.2,0.1,7.9,50.5,1,0.1,0,7.4,1.1,2.8,1.7,0.3,2.2,24.4,10.6,30.2,7.6,0,0,11.4,0.2,0,0,0.2,93.5,0.2,1.5,3.5,0.3,0,0.6,0.1,0,70.7,4.9,47.9,3.2,11.9,12.1,8.5,4.7,5,0.9,0.3,57.4,,378422,16.6,31.2,1.1,11.1,30.8,5.5,2.4,0.9,0.3,0.1,0.2,0.1,1.2,0.1,4.6,0.4,5.2,7.2,5.2,11.4,0.3,43.5,20.5,12497,3015,1384,6252,2292,25411,58,68,3032,115315,37591,894,1343,309,306,0,0,0,0,0,1688,0,0,,4.242727197,10411,4402,18630,8336,5822,3664,642723,84.16487351,5.195861981,10.62168306,0.017581446,3.3,451371,34032,10357,1208303,37.35577914,2.816512083,0.857152552
22,Kiambu,KBU,792333,91.7,6.8,5,0.2,2.6,2.2,0,0,1.5,1.2,0.3,0.2,1.5,0.1,0,0,0,0.8,11.1,58.1,0.7,22.3,7.1,0,0,258572,69596,96.5,97.5,3.5,2.4,0,0,,795241,26.9,22.3,18.5,0.1,0.2,1.9,10.6,0.1,0.2,0,0.4,0.2,22.2,63.9,2.5,0.1,0,0.6,0.4,1,0.2,1.2,1.4,24.7,23.3,40.3,2,0,0.1,4.8,0.1,0,0,0,76.5,0.1,1.8,18,1.4,0,1.4,0.5,0.1,61.4,19.6,70,6.3,39.1,16.3,6.9,19.6,12.4,1.5,0.5,67.8,,795241,9.1,24.9,0.5,15.3,45.9,3.3,0.3,0.1,0.5,0.2,0.3,4.2,0.6,0.2,8.9,0.3,10.3,22.8,30.2,3.6,1.6,8.8,8,214052,144311,20258,35825,118389,83597,0,5307,84991,1156534,1831761,7075,39567,5369,1767,20958,31152,31392,2160,9855,0,11748,0,,2.574826274,16320,4964,19574,9363,6842,5186,1532071,72.1751146,10.70648815,17.08993904,0.028458211,3,874338,113778,48998,2417600,36.16553607,4.706237591,2.026720715
23,Turkana,TUR,162627,8.6,73.1,2.8,0.1,0.9,1.8,0.3,49.1,18.3,6.2,12.1,18.2,1.8,0.2,0.7,0,0.1,0.4,0.4,1.9,0.4,79.8,16.7,0.2,0.1,79378,24758,53.1,56.8,45.3,41.8,1.5,1.3,,164519,37.2,8.7,34.4,0.2,2.7,3,82.1,2.7,1.5,0.4,0.2,0.2,1.2,10.9,0.8,16.4,27.5,28.5,3.3,0.9,0.4,0.2,3,5.9,5.3,1.8,2.3,1.5,2.5,0.4,0.1,41.3,19.5,1.2,33.1,0.3,0.4,0.3,0,0.9,0.1,2.8,0,12.1,2.1,7.4,0.9,4.4,4.2,4.8,1.9,1.3,0.4,0.4,16.6,,164519,0.4,1.4,0.2,3.3,18.9,6.8,0.8,68.1,0.1,0.7,5.1,30,1.2,1.4,3.3,11.7,13.2,2.5,6.5,0.1,0.2,2.9,21.2,61209,2206,2173,320425,1053756,1990929,261923,116806,992,43158,7663,2045,234,1836,345,0,0,0,0,0,0,0,0,,1.471268832,2907,1817,3184,2071,2230,1429,428119,47.15090898,29.89215615,22.87121104,0.085723829,5.6,495492,30068,11913,926955,53.45372753,3.243738909,1.285175656
24,West Pokot,PKT,115761,11.8,61.3,10,0.2,4.7,5.1,0.2,31.7,26.9,15.1,11.8,18.6,0.7,0.1,0,0,0,0.6,0.6,2.3,0.3,87.9,7.9,0.4,0,68708,24511,49.8,51.8,49.9,47.9,0.3,0.3,,116182,77.3,69,67.6,0.5,0.3,7,45.5,35.1,0.5,0.1,0.2,0,1.5,16.9,0.2,1,3,74.8,5.6,1.5,0.2,0.1,0.3,0.9,4.2,1.9,5.9,0,0,0.5,0,50.1,0.6,2.9,45.3,0.1,0.3,0.2,0.1,0,0.1,0.1,0.1,33.8,1.4,9.7,1,3.5,3.2,5.8,0.6,1.6,0.4,0.3,21.1,,116182,0.2,1.2,0.1,5.3,41.7,8.1,0.7,42.7,0,1.3,2.8,59.5,2.9,2.2,4.4,2.2,11.5,3.4,5.1,0.2,0.6,0.6,3.1,89828,49863,17632,349343,358293,764175,19389,8433,341,424179,23174,91636,1003,5458,368,0,1026,7535,1173,4426,0,0,0,,1.489795984,1909,1527,2271,1269,1249,1030,257578,72.17697164,7.182290413,20.62054989,0.02018806,5.3,361857,22823,8738,621226,58.24884985,3.673864262,1.406573453
25,Samburu,SMB,34987,20.9,48.3,40.1,0.5,7.2,32.4,0.2,2.1,30.8,27.4,3.4,4.5,0.8,0.4,0,0,0.1,0.3,3.3,4.1,0.3,73.6,18.2,0.1,0.1,31453,10665,44.9,46.1,54.7,53.5,0.4,0.4,,35070,72.1,67.5,49.4,0.1,2.3,1.2,70.1,0.5,0.1,0.2,0.1,0,2,26.1,0.8,0.4,1,52.9,11,1.3,0.4,0,0.1,0.9,8.3,19,4.2,0.1,0.1,0,0,4.2,9.1,0.2,84.7,0.1,0.6,0.2,0.1,0.1,0.3,0.2,0,37.2,2.4,18.3,2.4,5.3,14,10.2,3,1.3,0.4,0.4,31.9,,35070,0.6,8.7,0.5,10.4,24.3,6.6,0.6,48.2,0.1,18,13.4,2.8,2.6,0.4,0.1,0.8,0,4.8,12.3,0.2,0.8,3.7,39.7,25272,3028,1493,63415,18885,103849,739,163,75,120369,2461,522,88,57,5,0,0,0,0,0,0,0,0,,1.453016241,1302,553,1090,591,504,469,133547,72.49432784,9.645293417,17.84989554,0.010483201,4.7,175238,11911,5130,310320,56.47009539,3.838295953,1.653132251
26,Trans Nzoia,TRN,222989,37.9,30.7,26.2,0.4,9.8,16,0.1,0.7,31.4,23.9,7.5,1,2,0.7,0,0,0,0.6,3,8.7,0.4,69.8,17.3,0.2,0,97462,29005,68.7,75.9,31.1,23.9,0.1,0.2,,223808,62.7,58.1,43.3,0.3,0.3,2.3,20.4,39.7,0.2,0,0.1,0.1,6.1,32.2,1.1,0,0.2,59.5,6.6,2.8,0.4,0.1,0.1,1.4,7.1,3.1,18.5,0,0,0.2,0,2.3,0.1,0.9,94,0.1,1,0.6,0.6,0,0.2,0.1,0,57.3,4.9,34.3,4.2,11,20.6,12.7,3.7,4.9,0.9,0.4,40.4,,223808,1.7,4,0.2,13.9,64.6,13.8,0.4,1.4,0.1,1,0.3,15,15.5,2.5,22.7,2.9,16.3,5.3,7.4,0.3,0.8,2.7,7.4,140249,88662,6998,87808,136345,28199,0,5032,4832,689222,127352,8869,4623,10098,1120,2780,4089,26594,1987,6721,0,0,0,,2.416912633,6609,2727,6166,3639,2272,2522,483760,71.32317678,7.792913842,20.87419382,0.009715561,4.4,503282,47612,19142,990313,50.82049817,4.807772896,1.932924237
27,Uasin Gishu,USG,301110,63.8,12.8,9.6,0.2,5,4.4,0.1,0.3,23.4,14.9,8.5,0.8,1.7,0.3,0,0,0,0.9,5.6,24.6,0.4,46.5,22,0.1,0,118200,32983,88.9,92.7,11.1,7.3,0.1,0.1,,304943,46.4,43.3,34.3,0.2,0.2,1.7,14,20.6,0.3,0,0.3,0.2,13.2,49.7,1.7,0,0.1,33.9,2.8,2.1,0.3,0.5,1.3,9.9,23.6,8.2,12.2,0,0,5.2,0,0.9,0.1,0.4,92.8,0.1,1.6,1.5,1.8,0,0.6,0.2,0,60.1,10.1,47.3,5.3,20.4,18.2,10.4,8.3,8.5,1.2,0.3,51.4,,304943,9.6,10.9,0.2,14.4,55.3,8.6,0.3,0.5,0.2,0.8,0.4,5.1,2.5,1.5,23.4,7.4,14.9,13.2,16.5,0.8,1.3,2.7,9.4,141547,139722,10564,128136,219925,45854,148,2280,9132,779875,117777,18902,4499,2610,970,0,0,8430,1376,2505,0,0,0,,1.794167258,5644,2330,5666,2923,2312,1994,644588,68.81434343,10.08768392,21.08168318,0.016289475,3.8,510535,46760,19298,1163158,43.89214535,4.020090134,1.659103922
28,Elgeyo/Marakwet,EGM,99119,24.3,26.3,8.7,0.3,4.5,3.9,0.1,9.9,49.4,25.7,23.7,6.2,1.1,0.2,0,0,0,0.5,0.4,3.1,0.2,87.1,8.5,0.2,0,44098,13212,87.1,90,12.8,9.9,0.1,0,,99861,75,71.2,54.4,0.3,0.3,8.4,29.2,39.5,0.5,0.1,0.1,0,2.6,27.4,0.5,0.2,0.6,36.6,11.7,1,0.3,0.4,2.1,9.5,5.7,3.9,8.1,0,0,19.7,0,16.6,0.2,0.9,80.4,0.1,0.8,0.3,0.2,0,0.1,0.1,0.2,52.7,2,17.5,1.8,5,3.7,6.9,1.1,3.1,0.7,0.3,37.6,,99861,0.3,1.1,0,8.8,57.7,24.9,0.3,6.8,0,0.8,0.4,48.8,2.7,2.9,10.6,3.6,5.1,5.6,13,0.2,1,0.3,4.9,74881,38735,5273,106445,190031,99926,89,2766,412,267674,21742,23377,1982,1261,173,751,1390,5224,1632,6430,0,518,0,,1.551484373,1459,934,2050,973,980,655,226653,73.2630938,6.662607598,20.05620927,0.018089326,4.5,226835,24832,10893,454468,49.91220504,5.463971061,2.396868426
29,Nandi,NDI,199040,30.7,22.9,19.3,0.3,7.1,11.9,0.1,0.3,46.4,28.6,17.8,1.4,1.1,0.6,0,0,0,0.5,1,5.8,0.3,84.7,7.6,0.2,0,84741,23603,75.8,82.9,24,17,0.2,0.1,,199426,74.7,71.7,55.8,0.4,0.5,1.9,17.2,39.9,0.2,0,0.1,0,4.9,36.9,0.9,0,0.1,59.6,3.1,3.4,0.4,0.3,0.6,2.5,9.7,4.2,12.1,0,0,3.9,0,2,0.1,0.8,95,0.1,1.1,0.3,0.3,0,0.3,0,0,60.3,3.6,27.1,3.1,8.8,10.7,11.1,2.4,4.4,0.6,0.3,42.5,,199426,0.4,1.8,0.1,17.3,67.1,11.5,0.2,1.5,0,1.1,1.3,37.2,9.3,10.2,12.6,3.9,6.9,4.9,7.3,0.2,1.4,0.6,3.2,148887,125566,11376,106476,97712,35096,0,4344,862,639134,65254,14712,4382,2647,159,37564,11044,29356,1202,5806,0,0,0,,2.300581807,4655,2362,6221,2994,2197,1947,465984,76.53374365,5.381515245,18.07358193,0.011159181,4.4,418053,47594,20691,885689,47.20087977,5.373669539,2.336147338
30,Baringo,BAR,141877,28.3,39.7,11.7,0.3,6.6,4.8,0.1,18.2,32,21.9,10.1,8.3,1.1,0.1,0,0,0,0.4,0.4,4.1,0.3,81.4,13.3,0.1,0,64851,19697,73.1,74.9,26.5,24.8,0.3,0.3,,142518,70.5,59.2,56.4,0.4,0.6,5,47.2,15.4,1.3,0.1,0.2,0,2.5,32.8,0.4,1.9,3.2,36.5,3,0.2,0.1,0.3,3.1,18.6,7.3,5.5,1.3,0,0.1,18.8,0,22.3,0.4,1.2,74.3,0.1,0.8,0.3,0.3,0,0.1,0.2,0,51.8,3.2,23,2.9,8.2,7.1,8.2,1.9,4.1,0.6,0.3,35,,142518,0.3,2.1,0.1,12.4,45.7,8.3,0.3,30.8,0.1,2.2,10.4,46.5,1.6,1.9,3.2,1.2,10.1,3.6,9.1,0.3,3.4,3.2,3.4,100465,46244,16157,347445,343343,933727,38500,18109,432,536949,29239,154388,2700,1708,313,0,3069,12372,2605,10600,0,1673,0,,1.968053993,2757,1690,3805,1854,1799,1217,314757,73.24030919,8.569785581,18.18069177,0.009213457,4.7,349005,32970,14056,666750,52.34420697,4.94488189,2.108136483
31,Laikipia,LKP,145776,42.2,26.1,17.8,0.3,8.4,9.1,0.1,3.8,31.7,26.4,5.3,2.3,1.2,0.7,0.2,0,0,0.4,2.3,21.2,0.3,58,17.7,0.1,0,50465,15383,77.8,76.8,22.1,23.1,0.1,0.1,,149271,60.8,49.8,45.7,0.3,0.3,6.1,49.9,3,0.5,0,0.2,0.1,4.8,39.8,1.7,0.4,0.2,19.7,1,0.3,0.1,0.8,8.3,9.3,11.9,14.4,1.4,0,0.5,31.7,0,5.4,0.2,1.4,86.4,0.2,1.1,2.5,0.5,0.1,0.3,1.9,0,63.3,6.9,44.4,4.7,17.5,21.1,13.3,5.2,6.4,0.9,0.4,51.5,,149271,8.9,5.2,0.1,12,55.8,8.3,0.2,9.4,0.1,0.8,5.7,20.8,1.2,1.7,8.7,2.7,10.3,12.5,19.7,0.4,5.8,3,6.5,90729,25846,14935,229284,613782,402526,7827,8967,2685,506808,44016,18901,10218,1949,59,0,0,5273,2121,2103,0,773,0,,2.350050719,2762,1139,3663,2076,1434,1112,283193,79.12413089,7.386128894,13.47879361,0.010946598,3.4,231486,32330,14220,518542,44.64170694,6.234789082,2.742304384
32,Nakuru,NKU,598237,64.4,14.6,10.4,0.2,5.8,4.4,0.1,0.4,21,14.5,6.5,1.2,1.8,0.7,0,0,0,0.6,5.4,30,0.4,39.6,23.9,0.1,0,224180,64797,85.8,88.4,14.2,11.5,0.1,0.1,,616046,46,42.4,31.1,0.1,0.4,1.3,27.9,7.7,0.3,0,0.2,0.2,10.6,51.4,1.7,0.1,0.1,24.6,2.4,1.3,0.2,0.4,2.8,6.4,17.9,32.5,2.6,0,0.1,8.5,0,1.8,0.1,0.3,91.1,0.1,1.6,2.9,0.9,0.1,0.4,0.7,0.1,61.1,9.6,52.5,5.7,20.9,19.1,10.9,8.9,7.1,1,0.4,52.7,,616046,7.7,10.1,0.2,17.8,53.2,9.4,0.5,0.8,0.1,0.3,1.3,12,1.4,1.6,6.7,1,10.4,9.4,18.1,3.6,13.4,12.3,8.6,283652,135235,23774,237517,532221,205392,388,22792,16895,1539144,329912,34141,35368,2065,262,10041,0,20209,4332,6560,0,0,0,,2.177783061,12425,4256,14270,6947,5110,4078,1182503,74.88708274,7.869916609,17.22456518,0.018435471,3.5,964769,97110,40443,2162107,44.62170466,4.491452088,1.870536472
33,Narok,NRK,238115,19.7,22.5,9.9,0.2,4.1,5.6,0.2,5.5,57.8,37.7,20.1,4.5,1.4,0.9,0.1,0,0,0.5,1,8.2,0.5,71.7,17.7,0.4,0,128449,40643,58.2,60.7,41.4,39,0.4,0.3,,241125,75.4,62.4,62.4,0.3,0.4,2.9,46.3,28.1,0.3,0.1,0.2,0.1,3.2,20.8,0.9,0.4,0.7,60.7,1.9,0.8,0.1,0.7,1.9,7.6,6.4,6.5,2,0.1,0.2,9.8,0,14.6,0.6,6.3,74.7,0.2,0.8,0.4,0.1,0.4,0.1,1.7,0,59,2.7,19.3,1.8,6.9,3.7,10.7,1.9,3.5,0.6,0.5,34.3,,241125,0.5,2.1,0.1,8.6,49.2,10.6,0.6,28.2,0.1,5.6,7.2,41.3,5.6,6.4,4.3,2.9,4.5,1.5,3.1,1.7,5.6,6.3,3.8,181706,93562,89203,1306126,2603542,1015845,1619,81932,2054,878467,50387,49857,3679,2019,399,0,0,13430,1784,2332,0,0,0,,1.08339012,2744,1822,3554,1543,1543,1338,502660,80.0831576,4.512791947,15.3779891,0.026061354,4.8,647524,36967,15113,1157847,55.9248329,3.192736173,1.305267449
34,Kajiado,KAJ,313218,67.4,13.5,9.2,0.3,3.9,5,0.1,1,19.1,15.5,3.6,1.4,1.7,0.1,0,0,0,1.2,12.7,47.2,0.7,29,9.1,0.2,0,127020,36244,79,78.6,20.7,21.2,0.2,0.2,,316179,30.9,14.5,26,0.1,0.2,3.9,21.7,1.2,0.3,0.1,0.3,0.2,18.8,56,1.4,0.4,0.5,12.1,1.3,0.9,0.2,0.9,0.7,32.4,22.4,21.4,3.3,0.1,0.5,2.9,0,6.1,0.2,3.4,69.4,0.2,2,13.9,2.1,0.1,1.2,1.3,0,55,14.6,51.7,5.6,29.1,11.9,9.7,15.8,10.9,1.2,0.5,54.6,,316179,2.8,21.3,0.4,14,41.2,5.5,0.6,13.6,0.4,0.5,2.9,5.2,2,0.8,2,0.8,22.3,7.9,10.1,11.9,1.6,23.3,8.6,97565,36547,56696,484467,1120649,877744,3584,50153,12390,493473,174525,8850,9100,3701,223,0,0,2994,0,2776,0,0,0,,1.285648084,4009,1706,3571,1764,1658,1663,616347,69.05704092,12.67516513,18.22934159,0.038452365,3.5,494149,32944,12416,1117802,44.20720306,2.947212476,1.110751278
35,Kericho,KCO,205932,44.9,16.4,12.4,0.2,5.9,6.3,0.1,0.3,38.7,20.9,17.8,1.5,1.4,0.5,0,0,0,0.7,1.4,9.5,0.3,79,8.9,0.1,0,89107,24383,80.7,85.4,19.2,14.5,0.1,0,,206036,73.2,70.8,54.7,0.2,0.3,1.2,16.8,37.3,0.4,0,0.2,0.1,4.7,39.2,1.4,0,0.1,40.6,1.6,1.1,0.2,0.4,3.1,8.8,9.9,5.1,13,0,0,16,0,2.2,0.1,0.5,94.5,0.1,0.9,0.9,0.2,0,0.3,0.1,0,60.3,4.7,29.3,2.9,11.1,4.5,8.4,3,4.9,0.7,0.3,42.2,,206036,1.7,2.6,0.1,10,69.8,13.7,0.4,1.5,0.1,0.8,0.9,42.3,7.4,5,6.2,2,4,9.1,10.1,0.2,3.9,2.1,5.8,150845,80670,5430,155548,56238,71875,11940,794,577529,87531,20163,3843,3673,191,0,55837,24774,40748,2283,5588,0,0,0,,1.402607599,2300,1433,3722,1861,1865,1467,474170,79.96035177,4.515258241,15.49381024,0.03057975,4.4,423344,44253,18132,901749,46.94698857,4.907463163,2.010759091
36,Bomet,BMT,187230,22.1,14.3,8.3,0.2,4.9,3.2,0.1,0.8,63.6,33.5,30.1,2.7,0.8,1.5,0,0,0,0.3,0.8,5.9,0.2,88.4,4.1,0.2,0,86865,24647,81.3,86.4,18.6,13.5,0.1,0.1,,187641,81.3,78,67.9,0.2,0.5,1.1,22.7,41.2,0.2,0,0.1,0,3.7,30.6,1.5,0,0.1,51.5,1.5,0.5,0.1,0.5,2.5,1.3,6.4,3.9,8.7,0.1,0.1,22.9,0,6.8,0.2,0.6,90.5,0.1,0.6,0.7,0.2,0,0.1,0.1,0,62.1,3.3,18.5,2,8,5.5,12,1.4,3.7,0.5,0.3,40.9,,187641,0.3,1.2,0.1,6.7,77.5,13,0.2,1,0.1,7.7,4.2,40.1,5.8,5.4,2.4,1.8,2,5,5.7,0.3,13.8,1.5,4.3,152564,99188,7342,211679,80492,76459,10985,306,816840,87282,12917,5940,3126,2064,0,50704,1940,44903,3298,3679,0,0,0,,1.529692828,2334,1610,3931,1962,2007,1551,437250,80.27375643,3.640251572,16.07478559,0.011206404,4.7,436193,41999,18626,875666,49.81271398,4.796235094,2.127066713
37,Kakamega,KAK,432284,25.1,32,29.6,0.3,8.8,20.5,0.1,0.4,42.9,36.7,6.2,0.3,0.8,0.6,0,0,0,0.5,2.4,7.4,0.3,80.8,8.2,0.3,0,167691,49974,85.9,90.6,14,9.3,0.1,0.1,,433207,77.4,74.3,54.3,0.5,0.7,1.1,16.2,55.3,0.1,0,0.1,0,3.5,24.2,0.6,0,0.1,71.7,3.2,1.8,0.3,0,0,0.9,8.9,3.5,9.4,0,0,0.1,0,3.7,0.1,1.1,93.3,0.1,0.8,0.4,0.1,0,0.2,0.1,0,62,4.3,29.2,4.3,8.6,24.4,11.5,3.3,3.3,0.6,0.4,40.9,,433207,0.8,2.4,0.1,12.3,73.4,9.5,0.4,1.1,0,0.9,0.3,18.3,34.6,5.1,16.1,2,10.1,3.1,3.7,0.2,0.7,1,3.8,335269,69173,11322,322955,56884,78144,1080,28634,1415652,102673,43620,15986,9361,2323,0,4644,2990,63886,4435,49075,0,2292,0,,3.663698589,17706,8507,19273,11357,5752,5826,919868,76.54206908,5.246839764,18.18260881,0.028482347,4.3,943366,117533,47103,1867539,50.51385808,6.293469641,2.522196324
38,Vihiga,VHG,143288,38.4,38.4,37.2,0.3,8.7,28.2,0,0.2,23.2,20,3.2,0.3,0.5,0.2,0,0,0,0.4,2.4,7.1,0.3,83.8,5.9,0.1,0,47044,14329,87.5,92.3,12.4,7.6,0.1,0,,143365,79.3,75.7,58.7,0.3,0.4,1.1,17.1,50.7,0.1,0,0,0,3.8,27.5,0.6,0.1,0.1,70.4,2.7,3.2,0.3,0,0,0.6,9.3,3.3,10,0,0,0.1,0,0.2,0.1,0.9,97.4,0.1,0.4,0.4,0.2,0,0.2,0.1,0,61.6,4.3,31.2,4.2,8.8,11.5,7.8,3.6,3,0.5,0.3,43.1,,143365,0.3,1.3,0.1,18.4,70.1,9.1,0.2,0.6,0,0.6,0.3,24.8,53.1,4.4,3.6,0.7,2.1,1.5,2.8,0.3,3.3,1,1.6,113753,23067,1725,101826,6145,30854,77,4628,477073,27284,13277,9533,3330,281,0,11273,1717,34321,1233,26209,0,0,0,,5.005584736,6933,3187,9630,5139,2599,2045,309013,78.71966552,4.831835554,16.42681699,0.021681936,4.1,278839,57991,25697,590001,47.26076735,9.828966392,4.355416347
39,Bungoma,BGM,357714,21.6,33.8,30.3,0.4,11.4,18.5,0.2,0.9,44.6,36.4,8.2,0.6,1.1,0.7,0,0,0,0.4,2.6,7.2,0.4,78.3,11,0.2,0,159661,47722,83.1,88.9,16.7,11,0.2,0.1,,358796,78.2,75.2,55,0.4,0.5,1.8,23.4,43.9,0.2,0,0.1,0.1,4,27.4,0.9,0.1,0.2,59.5,10.7,3.1,0.9,0,0.1,0.9,7.1,3.5,13.7,0,0,0.2,0,2,0.1,1.2,94.8,0.1,0.9,0.4,0.2,0,0.2,0.1,0,62.1,4.1,25.4,3.6,7.2,26.2,11.9,2.8,3.1,0.6,0.4,36.8,,358796,1,2.8,0.2,10.9,68.6,14.7,0.5,1.4,0.1,0.8,0.2,9.2,38.3,4.8,15.7,2.7,11.6,3.7,4.8,0.2,0.5,1.7,5.7,280445,62009,9822,279428,78494,109693,6058,15930,1191092,73189,28328,12911,6169,559,0,2047,37773,73765,5268,54581,0,2428,0,,2.405576657,10585,5457,10582,6203,3575,3784,783082,75.56539417,5.045193224,19.37881346,0.010599145,4.6,882499,83162,34529,1670535,52.82732777,4.978165677,2.066942626
40,Busia,BSA,197944,26.1,30.1,27.3,0.3,8.7,18.3,0.1,0.4,43.8,37.9,5.9,0.5,1.4,0.3,0,0,0,0.5,1.5,6,0.4,73.4,18,0.2,0,83649,25597,84.7,89.8,15.3,10.2,0.1,0.1,,198152,74.8,71,53.1,0.3,3.1,1.5,15,46.3,0.1,0,0.1,0.1,4.5,33.3,0.5,0.1,0.2,60.8,4,3.3,0.7,0,0.1,0.9,7.9,5.1,16.7,0,0,0.1,0,10.8,0.2,0.5,86.6,0.1,0.8,0.5,0.1,0,0.2,0.1,0,54.5,3.7,27.2,3.8,7.4,34.3,11.8,3.7,2.9,0.6,0.3,38.4,,198152,0.6,2.2,0.2,11.1,68,14.9,0.4,2.5,0.1,0.8,3.4,11.8,17.2,4.6,15.9,3.4,28.6,1.8,3.3,0.5,0.7,2.1,5.8,148257,11740,4673,190215,21704,82303,233,57004,731624,31032,13990,4796,5171,2362,0,0,1498,27498,3616,35530,0,1148,0,,3.288636641,7290,3806,8463,4716,2608,2506,432176,76.57829218,5.026193032,18.38186294,0.013651846,4.5,455737,51345,21661,893653,50.99708724,5.745518674,2.423871458
41,Siaya,SYA,249341,19.7,26.7,24,0.2,6.7,17.1,0.1,0.2,53.6,50.8,2.8,0.4,1.4,0.5,0,0,0,0.3,2,6,0.3,72.4,18.8,0.2,0,92926,28260,91.6,94.5,8.4,5.4,0,0,,250698,77.5,73.8,51.5,0.3,5.1,1.8,20.4,34.4,0.1,0,0.1,0.1,4.8,39.2,0.9,0,0.1,57.6,3.8,5.9,0.8,0,0,1.7,13,8.2,8.5,0,0,0.1,0,4.4,0.2,0.4,92.9,0.1,0.8,0.4,0.2,0,0.4,0.1,0,65.5,4.2,28.3,3.8,8.3,32.7,11.8,4,2.9,0.6,0.4,44.1,,250698,0.3,1.4,0.1,10.8,68.9,12,0.3,6,0,3.1,13.2,19.9,11.5,3.2,5,1.5,12.9,1.7,3.4,0.4,7.2,4,13,194362,10324,4527,311330,133110,163222,5987,14175,917012,42160,27786,5414,4867,3901,0,0,0,31729,7350,44660,0,1262,0,,5.127144029,14005,6861,14749,7945,4025,3336,503107,79.39384664,4.341024871,16.22338787,0.041740624,3.9,487505,76398,33493,993165,49.08600283,7.6923774,3.372350012
42,Kisumu,KIS,296846,52.6,19.6,18,0.3,5.2,12.5,0.1,0.2,27.8,26.2,1.6,0.2,1.1,0.1,0,0,0,0.9,7.8,18.7,0.6,49.6,22.2,0.2,0,114833,34078,92.1,94.5,7.8,5.5,0,0,,300745,48.9,44.4,33,0.3,2,3.2,22.6,19.2,0.1,0,0.1,0.1,11.3,44.5,1.9,0,0.1,43.3,6.2,3.5,0.5,0.2,0.1,8.1,18.4,8.9,10.6,0,0,0.1,0,0.4,0.1,0.5,93.5,0.1,1.5,2.5,0.7,0,0.5,0.2,0,65,9.8,45.1,6.5,20,22,10.3,11.6,5.3,0.8,0.8,40.7,,300745,4.8,6.1,0.2,8.7,65.4,10.5,0.5,3.6,0.1,0.9,1.8,14.9,2.3,1,8.3,1,11.4,8.3,10.9,0.9,8.7,7.6,22.1,147117,13799,6474,222723,163537,137696,3542,4755,733465,71699,74235,5836,5095,869,0,0,0,19478,5265,28305,0,0,0,,4.930980978,17606,7291,16196,8190,4288,3409,608266,69.84148382,8.227157198,21.89371098,0.037648003,3.8,538676,60008,23607,1155551,46.61637608,5.193020472,2.042921515
43,Homa Bay,HMA,260290,18.4,25.9,21.6,0.3,6.9,14.4,0.2,0.6,55.7,52.5,3.2,0.4,1.2,2,0,0,0,0.4,1.4,6.2,0.4,74.3,17,0.3,0,116773,34833,87.1,89.5,12.8,10.4,0.1,0.1,,262036,74,70.4,48.8,0.4,6.8,2,28.1,29.8,0.2,0.1,0.1,0.1,4.4,36.5,0.7,0.1,0.2,58.4,3.1,2.9,0.5,0.1,0,10.7,10.4,5.8,7.6,0,0,0.1,0,0.9,0.1,0.7,96.3,0.2,0.8,0.4,0.1,0,0.4,0.1,0,63,4.1,26.3,4.1,8.2,12.8,10.7,3.3,2.6,0.6,0.5,41.1,,262036,1.1,1.2,0.1,10.1,62,14.7,0.6,10.2,0,2.9,16.3,20.8,7.3,2.8,7.1,2.2,12.5,1,2,0.7,15.5,3,5.8,193812,15095,7236,318638,148374,179555,14046,4457,945303,44486,24168,3434,7258,3943,0,1365,2864,29880,7496,34557,0,1554,0,,5.440545194,16852,8388,17523,10329,4783,3708,533097,75.65021,5.04223434,19.29611309,0.01144257,4.3,594366,64995,26936,1131927,52.50921658,5.74197806,2.379658759
44,Migori,MIG,238133,23.3,31.8,26.6,0.3,9,17.3,0.2,0.8,44.9,41.3,3.6,0.7,2,1.5,0,0,0,0.6,1.3,6.8,0.5,71.3,19.2,0.3,0,119288,37118,87.3,90.7,12.5,9.2,0.1,0.1,,240168,70.8,66.9,47,0.4,2.8,1.2,39.1,20.1,0.1,0.1,0.2,0.1,4.9,34.8,0.6,0.1,0.2,56.8,3.9,4.5,0.8,0,0.1,2.7,8.9,4.8,16.8,0,0,0.3,0,2.5,0.2,0.9,94.1,0.2,1,0.5,0.1,0,0.4,0.1,0,59.8,4.2,28.1,3.9,9.1,11.5,13.2,3.6,2.9,0.6,0.4,37.5,,240168,0.5,1.7,0.2,10.3,62.2,15,0.6,9.4,0.1,2.4,7.3,31.2,9.5,6.6,11.1,4.4,8.1,1.2,1.5,1.3,10.4,2,3,169958,21062,8997,293261,70852,142204,5894,2922,913634,41179,17816,3856,3373,1818,0,0,3864,33338,4444,27231,0,1196,0,,3.702791381,11141,6065,11064,6372,3519,3177,511957,74.01070793,6.262635339,19.69852937,0.028127362,4.6,599512,48020,19723,1116401,53.70041768,4.301321837,1.766659113
45,Kisii,KSI,307254,39.3,37.1,34.1,0.4,13.6,20.1,0.1,0.7,23.6,20.5,3.1,0.4,1.2,0.4,0,0,0,0.8,2.2,13.5,0.5,77.8,5.1,0.2,0,114192,32057,92.7,95.2,7.3,4.8,0,0,,308054,71.4,67.3,48.3,0.3,0.3,1,38.1,28.8,0.2,0,0,0.1,4.3,27.8,0.7,0,0.1,60.3,3.7,2.9,0.5,0,0.1,1.8,6.3,2.9,21,0,0,0.2,0,1,0.1,0.9,95.3,0.1,0.5,1.6,0.2,0,0.3,0.1,0,58.5,5,30.7,5.1,8.8,3.5,7.8,3.1,3.4,0.6,0.3,58.7,,308054,1.9,2.1,0.3,11,59.6,23.7,0.5,0.9,0,0.3,0.2,38.6,40.5,7.5,3,0.9,1.1,1,1.1,0.6,3.8,0.5,1,219853,51458,4883,160517,11001,56946,1381,1421,936213,122621,26064,5030,4711,2999,0,67394,53580,88326,3850,17144,0,0,0,,4.32925857,13580,5663,16175,9636,5815,3975,653429,75.37498336,6.198531133,18.40995732,0.016528192,4.1,608564,79042,30470,1266822,48.03863526,6.239392748,2.405231358
46,Nyamira,NYI,150499,42.9,38.9,36.1,0.5,16.1,19.5,0.1,0.9,18.2,15.5,2.7,0.6,0.7,0.4,0,0,0,1.2,1.9,8.6,0.3,84.3,3.5,0.1,0,51480,14114,93.2,95.4,6.7,4.5,0.1,0.1,,150669,73,68.3,52.4,0.3,0.3,0.8,35.9,33.1,0.1,0,0.1,0.1,4.4,25.5,0.7,0,0.1,60.3,5.8,3.3,0.6,0.1,0.2,1.2,5.3,2.4,20.3,0,0,0.4,0,0.8,0.1,1,96.1,0.1,0.6,0.8,0.2,0,0.3,0.1,0,62.7,3.7,30.3,5.1,7.3,3.9,8.3,2,3.4,0.7,0.3,45.4,,150669,0.3,1.7,0.2,13.3,60.4,22.6,0.5,1,0.1,0.5,0.5,36.6,36.4,9.4,3.9,1.2,1,0.9,1,0.3,7.4,0.4,0.6,110028,34276,2735,82614,11787,39335,728,1341,478429,64429,10264,2925,4612,312,0,62706,25936,43349,2020,3502,0,0,0,,4.349506162,6554,2593,8296,4288,2755,1853,319952,76.16705006,5.694291644,18.12771916,0.010939141,4,283522,41291,16348,605563,46.81957121,6.818613423,2.699636537
47,Nairobi City,NBO,1494676,96.5,3.2,1.7,0.1,0.8,0.8,0,0,0.3,0.2,0.1,0.1,1.3,0,0,0,0.1,2.3,26.5,67.2,0.6,0.7,2.7,0,0.1,503983,135229,97,98.3,2.9,1.6,0,0,,1506888,2.1,1.1,1.5,0,0,0.2,6.2,0.1,0.6,0,1.4,0.4,25.4,62.5,3.2,0,0,1.6,1.1,0.8,0.1,0.2,0.3,26.3,40.3,26.2,2.5,0,0,0.4,0.1,0,0,0.1,51.3,0.1,2.5,39.4,4.5,0.1,1,0.8,0.1,53.4,22.7,68.7,7.5,42.1,12.5,4.3,23.5,12.9,1.2,0.4,69.1,,1506888,54.3,18.1,0.6,6.3,16.8,2.1,1.3,0.1,0.3,0,0.1,0,0.5,0,0.5,0,4.3,22.7,28.4,8.6,0.3,15.4,18.9,32258,11780,4923,12626,19109,28415,542,16412,354335,244733,248141,13036,2748,488,0,0,0,0,0,0,0,0,0,,1.281514765,18790,5343,14551,6712,5500,5450,2809721,63.92325074,14.82328672,21.20779964,0.045662897,2.9,1538589,88264,26410,4396828,34.9931587,2.007447187,0.600660294
,,,,,,,,,,,,,,,,,,,,,,,,,,,,,,,,,,,,,,,,,,,,,,,,,,,,,,,,,,,,,,,,,,,,,,,,,,,,,,,,,,,,,,,,,,,,,,,,,,,,,,,,,,,,,,,,,,,,,,,,,,,,,,,,,,,,,,,,,,,,,,,,,,,,,,,86.58979822,37.67442601,25.10625192,0.085723829,,,,,,63.15003113,9.929748806,4.867921695